"","Player","Points","Total_Rebounds","Assists","Steals","Blocks","Missed_Field_Goals","Missed_Free_Throws","Turnovers","Games","EFF","Salary"
"1","Al Horford",1249,596,263,68,121,519,26,107,82,2.8092228188815,1.2e+07
"2","Mike Muscala",195,117,34,13,27,76,8,27,60,0.605636248152515,947276
"3","Tiago Splitter",201,120,30,20,12,74,9,24,36,1.03219469846093,8500000
"4","Walter Tavares",25,21,3,1,6,8,5,5,11,0.318115907643942,1e+06
"5","Kelly Olynyk",687,281,105,52,33,303,32,74,69,1.25592517920264,2165160
"6","Tyler Zeller",364,178,29,10,22,152,20,46,60,0.348107715714486,2616975
"7","Andrea Bargnani",304,97,18,4,9,152,10,26,46,0.108539780903655,1362900
"8","Brook Lopez",1501,573,147,58,124,566,86,175,73,1.75150003318345,2e+07
"9","Henry Sims",91,72,9,9,14,44,5,12,14,1.33980780026494,161622
"10","Cameron Bairstow",34,28,6,2,3,27,1,4,18,0.238528219002858,845059
"11","Cristiano Felicio",105,102,26,6,13,32,10,13,31,0.831557842193946,525090
"12","Joakim Noah",124,255,110,18,29,82,23,52,29,2.05769136238059,13400000
"13","Pau Gasol",1187,793,294,42,146,528,60,164,72,2.77136897996695,7448760
"14","Al Jefferson",562,301,70,30,41,260,39,34,47,1.64237849911767,13833333
"15","Cody Zeller",638,455,71,57,63,206,57,68,73,1.70148952998615,4204200
"16","Frank Kaminsky",606,335,98,38,43,310,40,58,81,0.994542562880082,2612500
"17","Anderson Varejao",80,91,20,11,5,44,5,16,31,0.622949004777222,NA
"18","Channing Frye",196,93,26,8,8,90,3,13,26,0.906107395602776,7807579
"19","Sasha Kaun",23,26,3,4,5,8,6,7,25,0.199352177253025,1300000
"20","Timofey Mozgov",475,337,33,22,57,156,27,71,76,0.822068053440171,4950000
"21","JaVale McGee",172,133,3,5,26,57,18,21,34,0.594941717626865,1270964
"22","Salah Mejri",125,123,10,8,36,29,19,23,34,0.86090862347882,525093
"23","Zaza Pachulia",650,718,128,64,22,251,64,119,76,1.63046937867922,5200000
"24","J.J. Hickson",137,87,16,10,12,54,32,16,20,0.649427691369318,5613500
"25","Joffrey Lauvergne",465,290,56,13,15,185,7,54,59,0.776590211243472,1709720
"26","Jusuf Nurkic",263,175,40,24,44,141,38,55,32,1.00016531162182,1842000
"27","Nikola Jokic",796,560,189,79,50,293,36,104,80,2.22629843377948,1300000
"28","Andre Drummond",1314,1198,67,119,112,508,378,155,81,1.68436290579013,3272091
"29","Aron Baynes",514,384,51,21,52,190,39,67,81,0.817938345138571,6500000
"30","Joel Anthony",18,21,1,2,12,4,2,2,19,0.516098408294316,2500000
"31","Andrew Bogut",375,492,162,33,114,104,26,83,70,2.30929686180076,1.2e+07
"32","Festus Ezeli",320,257,32,18,50,103,62,38,46,1.06247339153486,2008748
"33","Jason Thompson",60,54,19,4,8,22,12,7,28,0.496233828205056,6431250
"34","Marreese Speights",512,239,61,19,34,259,20,66,72,0.497225343750633,3815000
"35","Chuck Hayes",4,8,2,0,0,1,0,3,2,0.0329008089161744,83583
"36","Clint Capela",542,494,47,59,92,166,131,60,77,1.4938942299965,1242720
"37","Dwight Howard",976,835,98,69,113,228,242,166,71,1.64910530021762,22359364
"38","Ian Mahinmi",660,507,104,65,75,184,93,100,71,1.83730222179825,4e+06
"39","Jordan Hill",645,451,87,36,37,271,36,92,73,1.05923325889804,4e+06
"40","Myles Turner",619,332,41,25,86,266,33,67,60,1.23822164876889,2357760
"41","Cole Aldrich",328,288,50,47,68,91,24,64,60,1.64325811905318,1100600
"42","DeAndre Jordan",980,1059,90,51,177,151,353,107,77,2.14058840248031,19500000
"43","Jeff Ayres",30,22,5,0,3,11,0,6,17,0.168232579373508,317232
"44","Robert Sacre",87,72,14,4,10,44,13,12,25,0.410783376569898,981348
"45","Roy Hibbert",481,398,95,32,110,229,28,76,81,1.39375738082071,15500000
"46","Tarik Black",133,157,16,14,18,47,26,22,39,0.724056341057123,845059
"47","Chris Andersen",92,89,9,14,10,28,10,7,20,1.40160556401147,5e+06
"48","Jarnell Stokes",0,2,0,0,0,0,0,0,2,0.123470839697208,NA
"49","Marc Gasol",861,362,196,50,70,379,42,118,52,2.23202481710858,19700000
"50","Ryan Hollins",116,87,10,6,20,27,16,21,32,0.521034375265477,593056
"51","Amar'e Stoudemire",300,222,27,18,41,96,17,47,52,0.935603198513937,1499187
"52","Hassan Whiteside",1040,865,30,44,269,269,115,137,73,2.86717057018579,981348
"53","Greg Monroe",1210,696,178,72,67,450,80,129,79,2.110027780854,16400000
"54","John Henson",397,221,54,18,109,127,48,64,57,1.28418156892706,2943221
"55","Miles Plumlee",314,232,16,21,50,93,25,40,61,0.925633703327664,2109294
"56","Gorgui Dieng",827,585,143,94,96,271,43,140,82,2.26667769152043,1474440
"57","Karl-Anthony Towns",1503,857,161,58,138,528,52,183,82,2.30678736000465,5703600
"58","Nikola Pekovic",54,21,11,1,0,31,4,9,12,-0.0392831381681486,12100000
"59","Alexis Ajinca",352,269,31,19,36,165,10,54,59,0.756065417206751,4300000
"60","Kendrick Perkins",91,128,31,11,11,35,14,41,37,0.413841777275214,1499200
"61","Omer Asik",269,414,26,21,23,91,51,60,68,0.658253991745736,1.1e+07
"62","Kevin Seraphin",187,126,47,8,36,121,4,43,48,0.517766705580611,2800000
"63","Robin Lopez",842,602,114,16,129,305,33,133,82,1.43342740652418,1.3e+07
"64","Enes Kanter",1038,664,33,26,33,305,51,115,82,0.954631830516139,16400000
"65","Nazr Mohammed",8,4,0,0,0,2,0,3,5,-0.199782284170158,352750
"66","Steven Adams",636,533,62,42,89,165,82,84,80,1.46467868691977,2279040
"67","Dewayne Dedmon",255,228,13,22,46,78,19,32,58,1.01371710435191,947278
"68","Jason Smith",546,219,62,33,65,259,13,57,76,0.972714751462849,4300000
"69","Nikola Vucevic",1181,576,179,53,70,513,37,123,65,2.14989406644305,11250000
"70","Elton Brand",70,63,18,9,8,41,1,11,17,1.1013025239881,890693
"71","Jahlil Okafor",928,373,65,22,61,384,61,124,53,0.605853679106368,4582680
"72","Nerlens Noel",747,542,122,118,100,281,93,158,67,2.43520189536682,3457800
"73","Alex Len",703,594,97,38,62,360,65,145,78,0.77340963615689,3807120
"74","Tyson Chandler",472,576,64,36,44,131,65,93,66,1.34014965844854,1.3e+07
"75","Chris Kaman",44,24,11,1,1,23,0,8,16,0.190205944242374,5e+06
"76","Mason Plumlee",749,628,226,68,85,250,120,154,82,1.83552074936541,1415520
"77","DeMarcus Cousins",1748,747,214,101,92,731,187,249,65,1.71586317153435,14728844
"78","Kosta Koufos",529,423,33,40,70,208,47,48,78,1.27441101147517,7500000
"79","Willie Cauley-Stein",463,352,37,48,66,148,44,46,66,1.60457938258286,3398280
"80","Boban Marjanovic",297,194,21,12,23,69,27,29,54,0.732251350873358,1200000
"81","Matt Bonner",76,27,9,6,1,28,1,3,30,0.400600675197776,1499187
"82","Tim Duncan",522,447,163,47,78,226,39,90,61,2.19474789858682,5e+06
"83","Bismack Biyombo",454,655,29,19,133,132,84,71,82,1.4345628326895,3e+06
"84","Jonas Valanciunas",768,547,42,25,80,233,51,85,60,1.64569393521667,4660482
"85","Lucas Nogueira",65,46,7,12,12,16,7,11,29,0.679148500558726,1842000
"86","Jeff Withey",217,173,20,21,53,75,16,28,51,1.13597758270493,947276
"87","Rudy Gobert",557,668,91,45,135,156,122,114,61,2.19152498435636,1175880
"88","Tibor Pleiss",24,15,2,1,2,14,0,8,12,-0.060637094352589,3e+06
"89","Marcin Gortat",1012,741,106,47,96,331,61,121,75,2.03746511686566,11217391
"90","Kris Humphries",134,71,13,10,7,54,13,14,21,0.497070851808979,388025
"91","Mike Scott",464,206,78,25,17,200,13,42,75,0.751260556806181,3333333
"92","Paul Millsap",1385,732,265,147,139,565,99,191,81,2.97183132982632,1.9e+07
"93","Amir Johnson",577,505,138,52,83,177,52,94,79,1.75485195812396,1.2e+07
"94","David Lee",214,130,54,12,13,105,11,38,30,0.740986574152764,15493680
"95","Jared Sullinger",834,673,187,75,47,455,58,102,81,1.74276307270035,2269260
"96","Jonas Jerebko",340,288,62,20,24,168,17,52,78,0.631820250964732,5e+06
"97","Jordan Mickey",21,13,1,0,11,14,5,1,16,0.259839269101871,1200000
"98","Chris McCullough",112,68,9,28,12,65,12,15,24,1.14278598467922,1140240
"99","Thaddeus Young",1102,660,135,112,37,468,58,136,73,2.0307222741816,11200000
"100","Thomas Robinson",307,359,46,39,36,161,62,69,71,0.4272436391882,981300
"101","Willie Reed",182,122,10,6,30,57,25,16,39,0.523161819418787,947276
"102","Bobby Portis",436,337,52,25,22,250,18,54,62,0.783743487165191,1391160
"103","Nikola Mirotic",777,362,100,58,46,361,35,102,66,1.18846231578333,5543725
"104","Taj Gibson",627,504,106,47,77,237,45,78,73,1.7728809486382,8500000
"105","Marvin Williams",948,521,110,58,77,409,24,62,81,2.09123805207092,7e+06
"106","Spencer Hawes",340,244,109,22,27,182,11,58,57,1.06887109456284,5543725
"107","Tyler Hansbrough",104,89,8,12,7,39,27,12,44,0.0646890411498737,1185784
"108","Kevin Love",1234,762,186,58,41,568,56,142,77,1.5420719074447,19500000
"109","Tristan Thompson",643,738,62,38,51,173,93,61,82,1.2743680465178,14260870
"110","Charlie Villanueva",319,152,24,18,15,202,2,31,62,0.448039535119217,1499187
"111","Dirk Nowitzki",1372,489,132,52,52,614,30,84,75,1.6715309384879,8333334
"112","Dwight Powell",399,273,44,36,24,150,37,40,69,0.802364610101132,845059
"113","Darrell Arthur",527,293,96,53,48,268,13,66,70,1.47594794602302,2814000
"114","Kenneth Faried",835,581,79,32,60,277,86,91,67,1.02929157758413,11235955
"115","Anthony Tolliver",383,229,52,26,16,204,18,28,72,0.694737028515226,3e+06
"116","Ersan Ilyasova",589,282,55,38,27,292,30,59,52,0.931130871807813,NA
"117","Justin Harper",13,1,0,1,0,6,1,2,5,-0.215752972792218,99418
"118","Tobias Harris",447,168,70,18,12,182,8,30,27,1.90468571092231,1.6e+07
"119","Draymond Green",1131,769,598,119,113,418,100,259,81,3.29411838499966,14300000
"120","James Michael McAdoo",117,58,17,10,8,39,23,16,41,0.0357137142155972,845059
"121","Kevon Looney",9,10,0,0,0,3,0,1,5,0.207943580908261,1131960
"122","Donatas Motiejunas",230,109,41,17,5,115,19,44,37,0.0730270568784012,2288205
"123","Montrezl Harrell",140,65,17,11,11,32,22,17,39,0.224873312115465,1e+06
"124","Terrence Jones",434,211,41,23,39,201,39,49,50,0.564291580307867,2489530
"125","Lavoy Allen",428,424,76,26,42,179,27,69,79,0.98736677358198,3700000
"126","Rakeem Christmas",4,1,0,0,0,0,0,0,1,0.453386113519594,1e+06
"127","Shayne Whittington",11,12,3,1,1,6,1,5,7,0.0173962405419981,845059
"128","Alex Stepheson",2,2,0,0,2,0,2,0,4,0.0213658726324028,61776
"129","Blake Griffin",749,294,170,28,17,302,53,83,35,1.26428893718626,18907725
"130","Branden Dawson",5,4,0,0,1,3,0,0,6,0.198273516384958,525093
"131","Luc Mbah a Moute",231,171,30,44,19,113,27,34,75,0.617567179076936,1270964
"132","Brandon Bass",473,285,74,33,55,143,23,42,66,1.56588648148233,3e+06
"133","Julius Randle",919,829,144,53,29,477,77,149,81,0.865543163627181,3132240
"134","Larry Nance Jr.",349,312,44,54,23,142,15,41,63,1.51751230642984,1155600
"135","Ryan Kelly",152,121,20,13,10,94,17,18,36,0.390270468279732,1724250
"136","Brandan Wright",83,43,6,5,15,17,11,10,12,0.925979004290486,5500000
"137","JaMychal Green",578,373,67,46,33,265,34,83,78,0.804361747783055,845059
"138","Jarell Martin",153,86,15,8,7,62,17,19,27,0.167300603934198,1230840
"139","Zach Randolph",1040,529,142,43,13,476,44,105,68,1.02737058979497,9638555
"140","Chris Bosh",1010,390,128,36,34,409,55,78,53,1.29719432931495,22192730
"141","Josh McRoberts",150,105,81,18,7,93,12,30,42,0.735405030465085,5543725
"142","Luol Deng",911,443,140,74,29,406,47,81,74,1.54871516199411,10151612
"143","Udonis Haslem",59,75,14,5,2,38,4,5,37,0.373878185329016,2854940
"144","Chris Copeland",50,10,11,2,0,34,1,6,24,0.0136645284837537,NA
"145","Jabari Parker",1070,395,130,69,29,456,53,116,76,0.966345624102229,5152440
"146","Johnny O'Bryant",200,176,32,18,8,123,13,31,66,0.359379865502586,845059
"147","Adreian Payne",132,111,29,16,11,92,9,36,52,0.25031181899388,1938840
"148","Greg Smith",43,42,6,4,1,14,10,7,18,0.0306836527675536,247623
"149","Kevin Garnett",122,150,62,28,10,61,7,16,38,1.60853005899376,8500000
"150","Nemanja Bjelica",308,210,83,26,21,125,15,47,60,0.968515332956251,4e+06
"151","Anthony Davis",1481,627,116,78,125,576,104,121,61,2.34814141307032,7070730
"152","Ryan Anderson",1124,396,73,38,25,532,29,90,66,0.76436099546722,8500000
"153","Kristaps Porzingis",1028,526,93,53,134,513,39,121,72,1.87371506304644,4131720
"154","Kyle O'Quinn",309,250,72,20,49,142,14,61,65,0.965826745061961,3750000
"155","Lance Thomas",484,131,53,22,7,213,17,57,59,0.207114984140536,1650000
"156","Lou Amundson",52,49,12,6,7,34,13,15,29,-0.0299904943731883,1650000
"157","Josh Huestis",14,10,0,1,2,7,4,3,5,-0.343238347701456,1140240
"158","Mitch McGary",26,18,3,1,2,12,6,7,20,-0.195461510299413,1463040
"159","Nick Collison",123,171,52,15,16,59,10,50,59,0.453165119299704,3750000
"160","Serge Ibaka",983,533,66,38,148,453,30,108,78,1.85775982609466,12350000
"161","Aaron Gordon",719,507,128,59,55,305,64,66,78,1.54915243243068,4171680
"162","Andrew Nicholson",384,201,25,10,22,164,14,41,56,0.466898563603885,2380594
"163","Carl Landry",351,146,32,12,9,111,24,22,36,0.645736602674849,6500000
"164","Christian Wood",61,38,3,5,7,31,8,2,17,0.461054878939581,305789
"165","Richaun Holmes",287,135,33,19,40,108,23,32,51,0.796453160305063,1050000
"166","Alan Williams",29,38,5,4,5,14,5,6,10,0.646231682042694,114285
"167","Cory Jefferson",22,16,0,0,1,13,2,0,8,0.108989807326023,421449
"168","Jon Leuer",567,373,72,38,30,242,24,75,67,1.06420955221679,1035000
"169","Markieff Morris",430,194,87,33,17,260,26,90,37,0.249592524502605,NA
"170","Mirza Teletovic",965,302,89,32,21,445,35,84,79,0.424722886590931,5500000
"171","Cliff Alexander",10,6,0,1,2,5,0,1,8,0.324103172169575,525093
"172","Ed Davis",526,599,88,57,72,131,90,64,81,1.53938611337358,7e+06
"173","Meyers Leonard",511,314,92,8,18,240,11,77,61,0.586403529949439,3075880
"174","Noah Vonleh",283,305,30,27,26,161,13,50,78,0.664860699247422,2637720
"175","Eric Moreland",8,11,1,0,4,3,2,3,8,0.140380229025843,845059
"176","Quincy Acy",307,188,27,29,24,95,18,27,59,0.972796686566812,981348
"177","Boris Diaw",485,233,176,26,21,181,20,97,76,0.759950983705991,7e+06
"178","David West",554,309,143,44,55,204,17,68,78,1.59679071071258,1499000
"179","LaMarcus Aldridge",1331,632,110,38,81,509,43,99,74,1.87715774428015,19500000
"180","James Johnson",287,126,67,29,33,126,29,54,57,0.571420952230453,2500000
"181","Luis Scola",664,360,66,46,27,329,23,68,76,0.945174224629761,3e+06
"182","Patrick Patterson",543,342,94,53,32,289,5,65,79,1.322506582938,6268675
"183","Derrick Favors",1016,503,94,74,91,393,74,104,62,1.98081224322794,11933333
"184","Trevor Booker",463,452,84,59,41,198,35,81,79,1.29706234811577,4775000
"185","Trey Lyles",488,299,59,26,18,245,25,65,80,0.429491862029465,2239800
"186","Drew Gooden",82,85,13,8,11,70,5,13,30,0.484507149117655,3300000
"187","Jared Dudley",638,286,170,75,18,254,26,80,81,1.45343928611324,4250000
"188","Nene Hilario",525,259,97,54,26,175,78,76,57,0.615714419066804,1.3e+07
"189","Dennis Schroder",879,204,349,70,9,452,38,183,80,0.500752580822358,1763400
"190","Jeff Teague",1239,214,470,97,24,554,51,218,79,1.00552337129224,8e+06
"191","Kirk Hinrich",5,12,14,2,1,9,0,3,11,0.503563739805239,2870000
"192","Shelvin Mack",93,22,38,8,0,55,3,14,24,0.24089934929935,NA
"193","Isaiah Thomas",1823,243,509,91,9,791,70,220,82,0.629080312423095,6912869
"194","Marcus Smart",558,255,185,91,18,345,37,80,61,1.52067202448956,3431040
"195","Terry Rozier",72,63,37,6,1,77,2,19,39,0.261681236716775,1824360
"196","Donald Sloan",424,173,268,32,4,196,26,80,61,0.831555496685797,1015421
"197","Jarrett Jack",411,136,236,34,7,218,12,94,32,1.4165686376431,6300000
"198","Shane Larkin",566,180,342,95,12,280,24,146,78,1.12313758706753,1500000
"199","Aaron Brooks",491,101,180,30,10,281,15,82,69,0.397997133377788,2e+06
"200","Derrick Rose",1080,225,311,44,14,601,37,175,66,0.360548748609468,20093063
"201","Brian Roberts",145,29,38,7,1,64,3,16,30,0.305361741197053,NA
"202","Jorge Gutierrez",22,7,17,3,0,5,1,6,12,0.294306277414785,301444
"203","Kemba Walker",1689,357,421,126,39,763,67,171,81,1.82810861267158,1.2e+07
"204","Jordan McRae",62,12,15,0,1,29,4,9,15,-0.0832888452162167,172972
"205","Kyrie Irving",1041,157,249,56,18,485,22,124,53,1.12925944020413,14746000
"206","Matthew Dellavedova",569,162,337,44,9,304,9,116,76,0.887683510499761,1147280
"207","Mo Williams",338,72,98,14,5,170,4,57,41,0.428526466979049,2100000
"208","Devin Harris",487,138,118,60,13,207,39,66,64,0.713221385815219,4053000
"209","J.J. Barea",808,152,302,26,2,394,22,113,74,0.393297362858466,4e+06
"210","Raymond Felton",763,258,284,68,15,405,27,121,80,1.06814972050107,3950313
"211","D.J. Augustin",325,52,132,25,2,127,17,54,28,0.561853798526821,3e+06
"212","Emmanuel Mudiay",872,232,372,65,35,576,69,217,68,0.305954170951943,3102240
"213","Erick Green",0,1,1,0,0,1,0,0,3,0.0858690119647017,1e+05
"214","Jameer Nelson",299,115,190,25,5,194,5,66,39,1.00545947965372,4500000
"215","Brandon Jennings",157,46,70,11,2,90,11,22,23,0.408111223797666,NA
"216","Reggie Jackson",1489,253,492,59,11,704,46,223,79,0.583944570152908,1.4e+07
"217","Spencer Dinwiddie",58,17,22,3,0,35,14,7,12,-0.649359787379685,845059
"218","Steve Blake",254,89,200,24,5,147,4,81,58,0.558521361487767,2170465
"219","Shaun Livingston",488,169,237,57,27,176,13,78,78,1.43028580615783,5543725
"220","Stephen Curry",2375,430,527,169,15,793,37,262,79,2.60997188932358,11370786
"221","Andrew Goudelock",22,2,4,6,2,11,1,7,8,0.461711808889374,200600
"222","Patrick Beverley",700,250,239,94,26,336,28,91,71,1.77334688709334,6500000
"223","Ty Lawson",309,89,180,43,6,176,24,82,53,0.444682837300856,12404495
"224","George Hill",894,298,259,83,17,413,36,101,74,1.49589094500687,8e+06
"225","Joseph Young",154,50,65,15,0,107,5,33,41,0.196884531414469,1e+06
"226","Rodney Stuckey",517,156,142,43,8,260,27,76,58,0.639442689994357,6500000
"227","Chris Paul",1446,310,738,152,13,599,34,194,74,2.67337115057891,21468696
"228","Pablo Prigioni",145,114,130,53,1,92,1,49,59,1.00226272326444,981348
"229","D'Angelo Russell",1054,274,266,93,13,564,50,196,80,0.541524400808363,5103120
"230","Marcelo Huertas",237,90,182,26,7,133,2,80,53,0.699867803858861,525093
"231","Beno Udrih",47,9,26,3,1,26,0,11,8,0.513456805671282,NA
"232","Briante Weber",29,24,20,9,3,25,1,9,6,2.08169663913475,30888
"233","Bryce Cotton",4,0,0,0,0,0,0,0,5,0.0476943271802319,64622
"234","Jordan Farmar",110,25,37,15,2,58,0,18,12,1.28308683371565,191456
"235","Mario Chalmers",595,143,211,80,12,240,43,101,55,1.03229290065619,4300000
"236","Mike Conley",857,164,342,67,16,402,38,84,56,1.48099800874102,9588426
"237","Ray McCallum",69,16,27,7,3,51,2,13,10,0.639100074056884,111444
"238","Russ Smith",23,9,11,5,1,15,5,7,15,0.0192511436952345,816482
"239","Goran Dragic",1018,277,419,71,17,458,45,185,72,1.11254161807762,14780000
"240","Giannis Antetokounmpo",1350,612,345,94,113,500,113,208,80,2.93462124983778,1953960
"241","Greivis Vasquez",130,47,91,10,0,93,4,40,23,0.285721626342711,6600000
"242","Michael Carter-Williams",623,276,281,80,41,304,56,153,54,1.80889621269022,2399040
"243","Tyler Ennis",206,75,95,25,1,103,9,46,46,0.465497240527165,1662360
"244","Andre Miller",88,24,58,9,0,22,4,25,26,0.342929143396746,1499187
"245","Ricky Rubio",766,326,658,162,10,367,48,193,76,2.26269140327002,12365000
"246","Tyus Jones",156,47,108,31,3,100,11,33,37,0.651431955465983,1282080
"247","Ish Smith",239,92,154,24,6,130,10,45,27,1.41469578165513,NA
"248","Jrue Holiday",1089,195,391,88,22,525,34,167,65,1.32211255506226,10595507
"249","Nate Robinson",0,0,4,1,0,1,0,0,2,0.56882768561735,44000
"250","Norris Cole",477,151,167,37,5,288,13,75,45,0.861088643566406,3036927
"251","Tim Frazier",210,71,120,23,1,93,14,38,16,1.45246566911703,144157
"252","Jerian Grant",426,143,177,50,10,237,27,87,76,0.524405336950562,1572360
"253","Jose Calderon",544,229,299,63,7,246,6,87,72,1.5222865804121,7402812
"254","Langston Galloway",625,288,207,77,22,357,28,61,82,1.44697971185851,845059
"255","Cameron Payne",283,85,108,36,6,164,5,44,57,0.706872603668476,2021520
"256","Russell Westbrook",1878,626,834,163,20,788,108,342,80,2.20473477884956,16744218
"257","C.J. Watson",142,66,88,19,5,90,5,25,33,0.902664088330569,5e+06
"258","Elfrid Payton",778,261,468,89,20,412,78,177,73,0.884513396161603,2505720
"259","Keith Appling",6,1,1,1,0,6,0,3,5,-0.13219942442136,161776
"260","Shabazz Napier",203,55,97,23,1,133,12,46,55,0.150211110228957,1294440
"261","Kendall Marshall",111,28,73,16,2,75,4,43,30,0.198797699552908,2144722
"262","Phil Pressey",55,23,46,11,1,34,9,19,14,0.261717773567723,172739
"263","T.J. McConnell",493,250,367,95,10,246,15,140,81,1.44788201992368,525093
"264","Archie Goodwin",505,142,118,27,13,246,63,100,57,-0.281676752856769,1160160
"265","Eric Bledsoe",632,125,190,63,19,269,34,110,31,1.60553907037342,13086957
"266","Ronnie Price",331,99,147,74,13,186,10,70,62,1.10815361608601,1499187
"267","Damian Lillard",1879,302,512,65,28,856,50,242,75,1.0389405258157,4236287
"268","Darren Collison",1035,169,318,76,4,399,32,130,74,0.922811310627529,5013559
"269","Rajon Rondo",859,435,839,141,10,427,63,278,72,2.23099806342454,9500000
"270","Seth Curry",299,60,67,22,3,122,9,36,44,0.478471115180944,947276
"271","Patrick Mills",690,158,226,59,6,352,11,76,81,0.871333421028884,3578947
"272","Tony Parker",857,176,379,54,11,360,41,131,72,0.834458548701558,13437500
"273","Delon Wright",103,37,31,8,3,44,9,16,27,0.301358644875388,1509360
"274","Kyle Lowry",1634,365,494,158,34,686,93,225,77,1.78247967376871,1.2e+07
"275","Raul Neto",476,120,174,62,2,238,18,109,81,0.41090619589028,1e+06
"276","Trey Burke",679,112,148,35,6,372,15,80,64,0.351194245973687,2658240
"277","John Wall",1531,379,789,145,59,777,72,318,77,2.23797153313255,15851950
"278","Ramon Sessions",810,203,239,46,5,312,69,115,82,0.203489343448584,2170465
"279","Kent Bazemore",872,379,171,98,38,405,28,138,75,1.69231188129704,2e+06
"280","Thabo Sefolosha",480,334,107,85,37,184,37,68,75,1.64166576339814,4e+06
"281","Coty Clarke",6,1,0,0,0,2,0,1,3,-0.068130720278725,61776
"282","Jae Crowder",1038,373,135,126,35,453,43,83,73,2.06482044354668,6e+06
"283","Bojan Bogdanovic",887,255,99,29,5,425,22,115,79,0.279884930986423,3425510
"284","Joe Johnson",671,224,232,40,2,361,16,116,57,1.06963516617655,24894863
"285","Rondae Hollis-Jefferson",167,154,43,39,16,75,15,26,29,1.94623314976308,1335480
"286","Sergey Karasev",97,58,35,6,2,44,2,22,40,0.367093316442695,1599840
"287","Doug McDermott",764,195,59,14,6,353,12,53,81,0.383890554807683,2380440
"288","Mike Dunleavy",222,83,39,14,10,111,8,26,31,0.750698923364412,4500000
"289","Tony Snell",338,199,63,16,17,213,3,52,64,0.689428711653281,1535880
"290","Michael Kidd-Gilchrist",89,45,9,3,3,28,9,8,7,0.791080255499206,6331404
"291","Nicolas Batum",1046,428,403,65,43,501,29,205,70,2.10899827509022,12235750
"292","P.J. Hairston",286,128,29,24,7,177,8,24,48,0.61886909026316,NA
"293","Dahntay Jones",13,5,2,1,2,8,0,0,1,3.44070091003145,8819
"294","James Jones",178,50,14,11,10,84,5,13,48,0.364890314360307,1499000
"295","LeBron James",1920,565,514,104,49,679,132,249,76,2.04665438575757,22971000
"296","Richard Jefferson",410,128,59,33,14,169,29,43,74,0.41732350420373,1499000
"297","Chandler Parsons",837,285,169,46,21,331,43,95,61,1.21917071340508,15361500
"298","Jeremy Evans",71,54,2,6,9,22,6,7,30,0.492681509478335,1100602
"299","Justin Anderson",208,132,29,19,25,104,11,24,55,0.785105627884295,1449000
"300","Axel Toupane",76,31,15,7,6,45,4,6,21,0.557758256660307,123552
"301","Danilo Gallinari",1036,281,135,42,19,413,57,77,53,1.06431776831276,1.4e+07
"302","JaKarr Sampson",134,61,16,12,17,61,7,19,26,0.841674553714594,285489
"303","Kostas Papanikolaou",67,40,16,13,5,42,5,21,26,0.338710665305755,350000
"304","Mike Miller",63,53,40,13,4,40,0,17,47,0.517483368785882,1499187
"305","Marcus Morris",1131,404,201,67,23,535,68,140,80,0.84829630423046,5e+06
"306","Reggie Bullock",122,68,27,10,2,55,1,8,37,0.679477193795716,1252440
"307","Stanley Johnson",593,306,118,55,12,375,22,114,73,0.689758705333341,2841960
"308","Andre Iguodala",457,263,219,73,19,192,32,79,65,1.78913237342136,11710456
"309","Harrison Barnes",774,325,117,41,10,338,32,57,66,1.2015370004101,3873398
"310","Corey Brewer",590,199,109,84,19,340,35,78,82,0.773482026805515,8200000
"311","K.J. McDaniels",89,42,10,7,6,43,6,17,37,0.169527533942061,3333333
"312","Michael Beasley",255,98,16,11,9,98,11,24,20,0.951166508066587,306527
"313","Sam Dekker",0,1,0,1,0,0,0,0,3,0.305948378898148,1646400
"314","Trevor Ariza",1025,366,188,160,26,502,35,113,81,2.05841706473956,8193030
"315","C.J. Miles",753,175,63,53,29,375,31,70,64,0.6771373097538,4394225
"316","Chase Budinger",216,121,49,29,9,113,14,31,49,0.71877692435177,5e+06
"317","Glenn Robinson",171,68,26,17,9,86,12,18,45,0.413506445735814,845000
"318","Paul George",1874,563,329,152,29,844,74,265,81,1.69677502838237,17120106
"319","Solomon Hill",246,166,57,37,11,115,6,33,59,1.04660077891722,1358880
"320","Jeff Green",293,91,40,18,21,153,25,24,27,0.744494489250847,9200000
"321","Lance Stephenson",204,108,60,24,3,84,9,48,43,0.637163346105589,NA
"322","Paul Pierce",417,186,71,33,17,253,12,58,68,0.648616389664542,3400000
"323","Wesley Johnson",549,248,49,89,56,307,16,54,80,1.47365593362813,1100600
"324","Anthony Brown",115,70,19,14,5,87,3,15,29,0.610443572355748,7e+05
"325","Kobe Bryant",1161,247,184,62,13,715,49,129,66,0.277093134301963,2.5e+07
"326","Metta World Peace",176,89,27,22,11,122,17,15,35,0.574337632063468,1499187
"327","James Ennis",16,7,2,4,2,9,4,2,10,0.140804116580264,845059
"328","Matt Barnes",758,420,163,78,57,429,27,121,76,1.72083808080507,3542500
"329","Justise Winslow",502,403,117,68,26,267,37,95,78,1.22032371483037,2481720
"330","Damien Inglis",36,31,10,6,3,24,1,11,20,0.401879211347037,855000
"331","Andrew Wiggins",1675,292,164,78,46,700,135,182,81,-0.141255214579938,5758680
"332","Damjan Rudez",75,20,11,3,1,37,0,13,33,0.0918903198186003,1149500
"333","Shabazz Muhammad",863,267,52,24,7,364,57,70,82,0.0842129202571709,2056920
"334","Tayshaun Prince",221,147,73,36,13,127,6,27,77,0.817755255802705,1499187
"335","Alonzo Gee",325,245,72,63,13,123,22,55,73,1.1039300382978,1375000
"336","Dante Cunningham",484,236,77,42,33,226,25,41,80,0.991010441090154,3e+06
"337","Jordan Hamilton",125,62,25,8,3,67,7,17,11,1.00872843115324,119462
"338","Luke Babbitt",327,148,53,11,7,167,11,23,47,0.711228068330216,1100000
"339","Carmelo Anthony",1573,556,299,62,38,740,69,176,72,1.58592692544548,22875000
"340","Cleanthony Early",31,26,6,2,3,28,1,9,17,0.180395936002007,845059
"341","Derrick Williams",746,296,75,29,9,311,62,61,80,0.309197135871291,4900000
"342","Thanasis Antetokounmpo",6,1,0,0,0,1,0,0,2,0.223149969859431,105888
"343","Kevin Durant",2029,589,361,69,85,683,51,250,72,2.72639521144619,20158622
"344","Kyle Singler",231,141,24,30,9,135,15,32,68,0.424971987845324,5e+06
"345","Evan Fournier",1213,225,213,96,2,500,39,133,79,1.02839946635788,2288205
"346","Mario Hezonja",478,176,109,39,17,237,5,97,79,0.642585863671318,3741480
"347","Jerami Grant",749,361,135,54,127,348,110,110,77,1.12448785558671,845059
"348","Robert Covington",858,419,97,105,40,438,37,143,67,1.53975619143544,1e+06
"349","Sonny Weems",17,12,2,0,0,14,1,4,7,-0.126409041146097,2800000
"350","P.J. Tucker",652,512,177,106,20,343,36,111,82,1.81681301723948,5500000
"351","T.J. Warren",515,147,44,37,16,220,19,32,47,1.03226447035125,2041080
"352","Al-Farouq Aminu",839,499,138,72,53,420,41,120,82,1.54296948221989,7500000
"353","Maurice Harkless",498,280,67,49,35,216,42,62,78,0.873281547442572,2894059
"354","Caron Butler",63,22,10,9,1,34,2,3,17,0.605922905262937,1499187
"355","Duje Dukan",6,4,1,1,0,8,0,0,1,1.01621534982721,525093
"356","Omri Casspi",813,410,95,56,17,323,56,94,69,1.01830395846971,3e+06
"357","Rudy Gay",1204,456,120,100,51,541,56,139,70,1.62873969905605,12403101
"358","Kawhi Leonard",1523,493,186,128,71,539,42,105,72,3.14802377781982,16500000
"359","Kyle Anderson",350,244,123,60,29,157,21,59,78,1.2880033723114,1142879
"360","Rasual Butler",124,56,24,13,23,55,5,8,46,0.781006822421509,1499187
"361","Bruno Caboclo",3,2,1,2,1,11,0,4,6,-0.0974834581988418,1524000
"362","DeMarre Carroll",286,122,27,44,6,165,20,28,26,1.1695800242993,13500000
"363","Terrence Ross",720,185,56,54,25,356,13,46,73,0.960312086493648,3553917
"364","Chris Johnson",205,132,45,32,20,122,8,40,70,0.647865532037653,981348
"365","Gordon Hayward",1578,397,296,95,27,681,84,202,80,0.992701332496606,15409570
"366","J.J. O'Brien",0,1,0,1,0,1,0,0,2,0.384364634167911,105888
"367","Joe Ingles",342,151,96,55,4,167,5,65,81,0.757853692885984,2250000
"368","Garrett Temple",582,212,140,69,18,304,34,64,80,0.955468702747593,1100602
"369","Jarell Eddie",63,23,5,5,1,45,0,1,26,0.282350281606087,561716
"370","Kelly Oubre",236,133,13,22,7,121,18,34,63,0.246686949920769,1920240
"371","Otto Porter",871,391,120,105,32,378,31,70,75,2.00386061963805,4662960
"372","Justin Holiday",63,27,11,13,4,49,5,13,26,0.476382196537995,NA
"373","Kyle Korver",739,260,164,60,35,348,9,98,80,1.99750854456488,5746479
"374","Lamar Patterson",84,50,39,9,2,52,6,23,35,0.431572434445468,525093
"375","Tim Hardaway",326,86,51,21,7,151,6,23,51,0.922254123557993,1304520
"376","Avery Bradley",1155,220,158,117,19,563,27,109,76,1.80163095406638,7730337
"377","Evan Turner",854,397,359,80,28,410,31,169,81,2.42636305797347,3425510
"378","James Young",29,26,9,6,1,25,3,5,29,0.302784484716119,1749840
"379","R.J. Hunter",97,37,13,14,4,62,1,11,36,0.615044263305969,1148640
"380","Markel Brown",363,122,91,38,15,195,23,54,62,0.913950557195413,845059
"381","Sean Kilpatrick",318,50,26,10,2,134,6,27,23,0.569521879060783,320594
"382","Wayne Ellington",586,174,83,48,5,343,9,45,76,0.964088036607031,1500000
"383","E'Twaun Moore",443,133,99,37,18,202,13,53,59,1.37738751510915,1015421
"384","Jimmy Butler",1399,358,321,110,43,565,80,132,67,2.99976039281613,15260000
"385","Aaron Harrison",18,15,2,6,0,14,7,4,21,-0.0324196253153141,525093
"386","Courtney Lee",250,87,60,33,12,122,3,23,28,2.50066550616387,5675000
"387","Jeremy Lamb",580,252,77,42,30,280,24,50,66,1.8128834793063,3034356
"388","Jeremy Lin",914,253,235,58,42,428,54,150,78,1.42925782052449,2100000
"389","Troy Daniels",242,57,21,11,3,98,4,24,43,0.473535428827655,947276
"390","Iman Shumpert",311,203,92,54,19,191,11,57,54,2.00453870003686,9e+06
"391","J.R. Smith",955,217,130,81,21,497,26,59,77,1.63284671989077,5e+06
"392","Jared Cunningham",104,29,19,12,2,59,18,18,40,-0.101013352256558,NA
"393","Joe Harris",3,3,2,0,0,3,0,1,5,0.129595818277827,NA
"394","John Jenkins",69,22,9,3,0,41,1,11,21,0.137773449713548,NA
"395","Wesley Matthews",977,238,151,78,17,523,20,78,78,1.57823029428924,16400000
"396","Gary Harris",932,220,147,97,18,406,24,98,76,1.76906752198047,1587480
"397","Randy Foye",323,105,112,26,16,216,8,58,54,1.06299415053285,NA
"398","Will Barton",1178,476,203,71,39,558,52,139,82,2.17660656899989,3333333
"399","Darrun Hilliard",152,45,27,9,1,79,11,19,38,0.152840789265175,525093
"400","Jodie Meeks",22,5,3,0,0,13,0,1,3,0.402567687571423,6270000
"401","Kentavious Caldwell-Pope",1105,282,138,110,17,557,43,105,76,1.62310352637246,2891760
"402","Brandon Rush",305,181,57,20,23,149,10,33,72,1.25476300274095,1270964
"403","Ian Clark",236,68,64,17,13,113,6,43,66,0.627749720008897,947276
"404","Klay Thompson",1771,306,166,60,49,735,28,138,80,2.04387392675135,15500000
"405","Leandro Barbosa",433,117,82,44,10,199,10,53,68,1.00111854530058,2500000
"406","James Harden",2376,501,612,139,51,907,117,374,82,2.53517397753943,15756438
"407","Jason Terry",422,79,103,47,9,225,6,49,72,0.904268169988475,1499187
"408","Marcus Thornton",472,115,66,34,3,261,7,40,47,0.995827046116428,1186000
"409","Monta Ellis",1121,271,383,150,37,585,44,203,81,2.42950656584142,10300000
"410","Austin Rivers",593,130,99,48,9,290,37,61,67,0.624205522210133,3100000
"411","C.J. Wilcox",70,12,10,10,2,40,3,2,23,0.507391941458901,1159680
"412","J.J. Redick",1226,139,106,42,5,458,23,78,75,0.762416225118389,6867000
"413","Jamal Crawford",1120,145,183,52,12,560,26,113,79,0.702503501241281,5675000
"414","Jordan Clarkson",1225,313,192,88,7,623,40,135,79,1.25707270973671,845059
"415","Lou Williams",1028,169,167,62,19,410,72,107,67,0.720654631334523,7e+06
"416","Nick Young",392,97,34,23,7,246,13,30,54,0.481437633850556,5219169
"417","Jordan Adams",7,2,3,3,0,4,2,2,2,0.264294101061608,1404600
"418","Tony Allen",535,296,70,110,18,254,48,78,64,2.00129688191322,5168539
"419","Vince Carter",395,146,56,38,16,210,14,35,60,1.2445078212781,4088091
"420","Xavier Munford",80,31,22,13,3,45,7,15,14,0.967579658391156,89588
"421","Dwyane Wade",1409,302,344,79,42,643,84,203,74,1.52723396760068,2e+07
"422","Gerald Green",616,163,56,38,19,357,20,46,69,0.931858126403137,1356000
"423","Josh Richardson",341,107,73,36,25,149,21,35,52,1.51637478783113,525093
"424","Tyler Johnson",314,109,79,24,14,125,13,47,36,1.62379316242917,845059
"425","Jerryd Bayless",541,141,163,47,11,252,20,73,52,1.52342276694413,3e+06
"426","Khris Middleton",1434,302,331,131,19,635,35,180,79,2.30347322039876,1.5e+07
"427","O.J. Mayo",321,105,118,48,8,202,9,72,41,1.41828128155612,8e+06
"428","Rashad Vaughn",217,88,39,29,16,185,3,28,70,0.76190989543296,1733040
"429","Kevin Martin",415,81,46,17,1,208,17,41,39,0.201272110430161,7085000
"430","Zach LaVine",1150,228,251,69,17,526,42,155,82,1.08217874113367,2148360
"431","Bryce Dejean-Jones",79,48,15,10,2,41,10,11,14,0.854296245268577,281659
"432","Eric Gordon",686,99,121,43,14,321,14,73,45,1.38639885291696,15514031
"433","Jimmer Fredette",2,0,1,1,0,3,0,1,4,0.0618039495582515,54812
"434","Orlando Johnson",10,6,2,1,0,13,1,3,5,-0.163704440807577,55722
"435","Tyreke Evans",379,129,164,32,8,178,19,73,25,2.43905094970576,11227000
"436","Arron Afflalo",909,266,144,25,10,445,21,82,71,1.12585579078944,8e+06
"437","Sasha Vujacic",296,149,84,34,5,171,7,44,61,1.06601368429132,1356146
"438","Andre Roberson",337,251,47,53,42,138,21,35,70,2.22387909672142,1210800
"439","Anthony Morrow",380,62,24,22,5,197,10,17,68,0.376674421739736,3344000
"440","Dion Waiters",762,202,154,81,15,424,45,120,78,0.847732171949107,5138430
"441","Devyn Marble",60,38,12,13,1,50,14,7,28,0.150295653840556,845059
"442","Victor Oladipo",1153,345,282,116,54,545,42,153,72,3.13516134396685,5192520
"443","Hollis Thompson",758,272,99,36,24,410,27,76,77,1.2019441638888,947276
"444","Isaiah Canaan",846,174,137,56,12,462,30,91,77,0.761463278704598,947276
"445","Nik Stauskas",617,183,138,44,20,335,27,94,73,0.967561761941692,2869440
"446","Brandon Knight",1018,202,263,61,20,524,27,177,52,1.5245514993525,1.2e+07
"447","Devin Booker",1048,187,200,44,20,500,41,160,76,0.570703874061361,2127840
"448","Allen Crabbe",832,216,99,63,16,367,15,64,81,1.42907370965279,947276
"449","C.J. McCollum",1666,259,341,97,23,790,39,196,80,1.62538294554421,2525160
"450","Gerald Henderson",624,211,75,39,19,297,34,68,72,0.944476520511245,6e+06
"451","Luis Montero",14,4,1,0,0,14,1,4,12,-0.239523508131865,525093
"452","Pat Connaughton",36,32,10,2,0,36,0,10,34,0.160078244403727,525093
"453","Ben McLemore",531,148,79,52,10,260,29,99,68,0.536053359621103,3156600
"454","James Anderson",179,86,41,21,14,111,7,42,51,0.809151842442978,1015421
"455","Marco Belinelli",696,117,127,37,2,390,23,80,68,0.330199668245365,6333333
"456","Danny Green",572,303,141,79,64,350,12,75,79,2.83830864123525,1e+07
"457","Jonathon Simmons",331,96,58,24,5,120,23,53,55,0.418723582505766,525093
"458","Manu Ginobili",555,146,177,66,11,238,21,99,58,1.53062929333626,2814000
"459","Cory Joseph",677,210,250,63,20,328,41,102,80,1.37810997255237,7e+06
"460","DeMar DeRozan",1830,349,315,81,21,763,98,175,78,1.22638471354759,9500000
"461","Norman Powell",273,111,47,29,10,132,10,32,49,1.12431879820017,650000
"462","Alec Burks",412,109,63,18,4,197,35,51,31,0.110516602367644,9213484
"463","Elijah Millsap",36,35,19,7,3,28,5,9,20,0.696135440230521,362878
"464","Rodney Hood",1149,267,213,73,16,564,28,125,79,1.46256382428355,1348440
"465","Alan Anderson",65,27,14,4,1,38,4,2,13,0.739022087545703,4e+06
"466","Bradley Beal",958,188,162,54,11,440,41,112,55,0.995074683335916,5694674
"467","Gary Neal",390,83,47,20,1,174,8,29,40,0.758356703312561,2100000
